first_name,last_name,department_code,age
Glenn,Schuppe,ads,44
Dean,Prosacco,tech,39
Denver,Kassulke,tech,49
Babara,Ritchie,tech,20
Adolfo,Kunde,sales,35
Freddie,O'Reilly,hr,44
Larry,Daniel,$,37
Cecily,Blanda,op,47
Christy,Thompson,hr,21
Kimiko,Weber,rnd,30
Lindsey,Brakus,sales,39
Jared,Glover,ads,44
Cristobal,Durgan,sales,31
Courtney,Cronin,ads,30
Edmond,Macejkovic,ads,22
Tiesha,Kuhn,$,20
Dulce,Altenwerth,ads,42
Toney,Howell,hr,46
Jewel,White,hr,24
Jefferson,Gulgowski,sales,25
Renaldo,Hudson,rnd,29
Louise,Dare,op,24
Filiberto,Kuhic,rnd,31
Lashon,Murazik,rnd,22
Ollie,Rodriguez,$,25
Clarine,Block,sales,39
Jacquelin,Erdman,$,47
Tim,Kertzmann,rnd,21
Rob,O'Conner,tech,47
Errol,Grant,$,37
Genia,Mayert,rnd,37
Illa,Cronin,rnd,27
Toney,Haag,op,34
Gayle,Hammes,hr,32
Abram,Windler,ads,23
Kathi,West,tech,42
Marquita,Pacocha,ads,50
Marissa,Littel,op,26
Stacee,Bednar,$,22
Emerald,Schamberger,rnd,47
Oralia,Cronin,sales,43
Elyse,Feil,ads,23
Earnest,Von,sales,41
Edmond,McDermott,rnd,50
Timothy,Collins,hr,26
Retha,Haag,tech,26
Vonnie,Tillman,op,24
Rueben,Haley,$,50
Jeremy,Conroy,tech,43
Sharita,Schmeler,rnd,28
Rivka,Marquardt,hr,31
Nakita,Kozey,tech,40
Estella,Trantow,op,26
Daron,Huels,hr,40
Jae,Mann,tech,35
Jamel,Jaskolski,op,26
Christinia,Larkin,rnd,49
Dora,Flatley,$,32
Jarrett,Kuhn,hr,25
Janeth,Koepp,rnd,34
Renae,Padberg,rnd,44
Miguel,Denesik,ads,39
Earlene,Veum,$,30
Darin,Feil,rnd,39
Tommie,Keeling,tech,20
Tona,Doyle,sales,41
Lucia,Zboncak,hr,33
Cassandra,Morissette,tech,44
Kirby,Bruen,ads,44
Ronny,Sawayn,op,35
Juan,Blanda,$,23
Arlie,Sipes,rnd,28
Tanner,Yundt,op,44
Cherise,Heller,rnd,26
Emma,Beier,sales,42
Lupe,Bergnaum,hr,34
Reyes,Runolfsdottir,tech,46
Bryce,Wisozk,hr,24
Virgilio,Kassulke,ads,50
America,Kuhlman,ads,27
Vicente,Boehm,$,23
Mckinley,Steuber,op,38
Sina,Wiegand,tech,20
Noah,Kirlin,hr,37
Bertie,Heaney,rnd,27
Boyd,McLaughlin,ads,46
Tristan,Keeling,ads,29
Coleman,Strosin,op,31
Jodie,Langosh,ads,35
Lucien,Wisozk,hr,21
Laurice,Fritsch,ads,32
Erwin,King,tech,49
An,Halvorson,rnd,30
Maurice,Christiansen,hr,28
Reina,Dooley,ads,47
Janetta,McGlynn,ads,39
Audria,Reilly,ads,44
Jacquline,Windler,hr,31
Elton,Morar,$,39
Angie,Reichel,ads,44
Josefine,Walsh,tech,25
Dulcie,Mayer,sales,35
Ronnie,Powlowski,tech,50
Maria,Hills,$,29
Monty,Block,rnd,21
Sunshine,Breitenberg,hr,50
Mickey,Lubowitz,hr,50
Danial,Cassin,ads,37
Pete,Bauch,hr,21
Reginald,Swift,ads,49
Wanita,Goyette,tech,41
Hayden,Predovic,$,27
Thaddeus,Hoppe,rnd,49
Branden,Padberg,rnd,27
Ila,Hessel,ads,44
Dodie,Moore,hr,38
Lavonia,Schuppe,ads,44
Jessie,Gorczany,tech,47
Rafaela,Brekke,op,24
Yong,Dibbert,ads,31
Erlene,Bauch,tech,42
Lindsey,O'Kon,rnd,31
Jude,Schneider,tech,24
Frank,Ryan,$,22
Leeann,Cronin,$,47
Rima,Price,$,30
Kymberly,Kub,rnd,42
Flavia,Marvin,op,38
Elden,Boyle,sales,45
Marti,Bechtelar,rnd,50
Tarra,Watsica,tech,44
Guillermo,Glover,op,42
Reanna,Cruickshank,rnd,44
Cortney,Murphy,sales,33
Erna,Kling,sales,32
Cindi,Schmidt,hr,37
Dante,Brekke,op,47
Rocky,Spencer,$,23
Janay,Gulgowski,$,34
Chang,Hagenes,tech,32
Jamila,Conroy,ads,48
Britany,D'Amore,$,39
Voncile,Connelly,hr,26
Chris,Mohr,hr,32
Beatriz,Mosciski,hr,22
Berry,Steuber,op,22
Bart,Kunde,sales,45
Chae,Kassulke,rnd,41
Letha,Ledner,op,39
Geoffrey,Borer,hr,31
Dino,Pouros,sales,50
Cordell,Erdman,hr,50
Judi,McClure,tech,46
Lai,Tillman,op,21
Kallie,Kling,rnd,33
Dyan,Bednar,hr,38
Eleanor,Block,$,28
Tilda,Frami,tech,50
Scottie,Block,op,21
Josefine,Sporer,$,31
Ying,Nienow,op,41
Trina,Abshire,tech,48
Tijuana,Bruen,$,24
Mariana,Cruickshank,$,29
Ghislaine,Cummerata,ads,28
Junko,Heathcote,op,29
Kena,Watsica,ads,43
Antonio,Jenkins,$,24
Estella,Rolfson,$,34
Scott,Swift,sales,47
Ramona,Cormier,hr,50
Lamont,Hartmann,ads,21
Steve,Gorczany,sales,25
Tiara,Dietrich,op,28
Bradly,Bartoletti,ads,28
Bob,Rippin,hr,48
Renay,Hagenes,op,23
Daniel,Rempel,$,27
Brigette,Dicki,$,38
Shannon,Hartmann,$,34
Jayna,Walsh,tech,22
Shannon,Leannon,hr,42
Reyes,McDermott,tech,43
Shakita,Kutch,op,44
Laurena,Shanahan,tech,48
Meryl,Auer,rnd,31
Machelle,Rutherford,op,29
Judson,Keeling,op,49
Giovanna,Bernier,$,50
Steve,Keebler,tech,23
Lindsey,Osinski,op,35
Lacy,Harvey,$,44
Daniela,Smith,op,44
Clinton,Bergnaum,ads,36
Garry,Crooks,tech,36
Stanford,Douglas,op,36
Del,Bogan,rnd,44
Cleveland,Schuppe,ads,28
Suzanna,Hagenes,op,48
Rayford,O'Connell,rnd,28
Dominick,Orn,rnd,35
Augustina,Mertz,tech,40
Stacy,Torphy,tech,46
Robin,Kris,ads,36
Tisha,Shanahan,sales,34
Willard,Sipes,sales,41
Joel,Smitham,ads,27
Fidel,Towne,ads,33
Trevor,Funk,rnd,26
Gregg,Hoeger,hr,38
Kerry,Macejkovic,sales,38
Marissa,Bogan,hr,33
Ian,Gislason,sales,33
Doug,Schumm,sales,28
Solomon,Emard,$,29
Wilton,Nienow,rnd,21
Jamey,Mitchell,rnd,32
Harry,Sanford,op,31
Marilyn,Schultz,sales,40
Evita,Ferry,ads,33
Elena,Altenwerth,sales,21
Prudence,Donnelly,rnd,38
Wiley,Treutel,ads,38
Arie,Rowe,sales,37
Alisia,Hahn,$,42
Shella,Cormier,rnd,48
Samuel,Olson,$,37
Valeri,Hammes,op,40
Dagmar,Beer,sales,22
Colton,Purdy,ads,25
Trenton,Daugherty,tech,43
Juliet,Hyatt,tech,23
Aurelio,Gottlieb,sales,32
Blaine,Leuschke,hr,37
Dante,Bogisich,ads,31
Roy,O'Kon,op,36
Angelena,Wisozk,op,44
Coralee,Watsica,op,38
Marjory,Crooks,op,41
Shayne,Kreiger,hr,21
Terence,Rau,hr,42
Cody,Fadel,tech,32
Theo,Pagac,sales,46
Glenn,Frami,hr,44
Hyon,Zieme,$,45
Bertram,Predovic,op,46
Reynaldo,Pfeffer,ads,33
Eleni,Bogisich,hr,27
Merideth,Krajcik,tech,49
Rafaela,Denesik,tech,22
Neville,Murray,op,27
Joette,Wolff,op,49
Meghann,Hayes,rnd,40
Summer,Pfeffer,tech,28
Kristopher,Koepp,hr,31
Chris,Frami,sales,37
Peter,Kub,$,46
Samatha,Pollich,$,47
Lissette,Willms,hr,41
Joel,Mertz,$,30
Tyron,Jacobson,tech,44
Teodora,Labadie,$,48
Milford,Boyer,ads,43
Noble,Mertz,op,35
Vaughn,Jakubowski,rnd,41
Ming,Abernathy,$,50
Josef,Russel,$,26
Ericka,Kohler,rnd,37
Adolfo,Cormier,hr,45
Rico,Weimann,op,46
Claude,Conn,tech,39
Venus,Berge,rnd,35
Gino,Koss,hr,41
Cleo,Lesch,hr,21
Franklyn,Turcotte,tech,32
Shauna,Von,rnd,21
Josef,Olson,hr,33
Leeanna,Conn,tech,46
Brady,Greenfelder,ads,33
Shelley,Keebler,sales,47
Michale,Bartoletti,op,39
Lana,McCullough,rnd,46
Napoleon,Kautzer,ads,50
Emely,Lueilwitz,hr,30
Tamesha,Moen,ads,48
Wynona,Parisian,hr,35
Melita,Gorczany,sales,45
Alfonzo,Simonis,$,35
Nadine,Ryan,rnd,39
Wyatt,Denesik,$,40
Vella,Schmeler,rnd,49
Wes,Weimann,$,21
Harrison,Smith,rnd,26
Mora,Ferry,rnd,46
Jina,Daugherty,op,35
Codi,Keeling,hr,48
Hortense,Stamm,$,30
Cecily,Heidenreich,rnd,27
Esmeralda,Lind,ads,49
Nigel,Homenick,sales,30
Lorilee,Kuhlman,tech,28
Thalia,Hansen,op,32
Sina,Treutel,$,42
Mayola,Rutherford,ads,29
Tish,Boehm,sales,45
Felecia,Shields,op,38
Hwa,Jacobi,rnd,38
Lavona,Williamson,tech,31
Rory,Haley,ads,37
Emilio,Schulist,ads,34
Wiley,Gleichner,sales,44
Willodean,Adams,hr,21
Elke,Schmidt,rnd,46
Rene,Gleichner,sales,32
Harold,Frami,$,27
Hui,Wolff,tech,32
Danilo,Rice,hr,42
Takako,Nolan,rnd,37
Cristobal,Gleichner,op,35
Mickey,Wuckert,$,31
Clark,Thompson,ads,30
Kenneth,Carroll,$,40
Alexander,Sawayn,$,30
Armida,Weissnat,ads,24
Rachal,Rice,sales,41
Devorah,Lueilwitz,op,22
Donovan,Stokes,$,23
Roxane,Monahan,$,29
Vernell,Wunsch,rnd,39
Garret,McKenzie,rnd,23
William,Bogan,rnd,37
Bruno,Watsica,hr,25
Myrta,McClure,ads,26
Kathaleen,Sauer,tech,22
Felecia,Heaney,op,32
Almeta,Brekke,op,47
Domingo,Pfeffer,tech,34
Catrice,Quigley,$,43
Marcelo,Vandervort,op,48
Blake,Ritchie,ads,30
Edgardo,Batz,op,39
Lynn,Hilpert,hr,42
Pasquale,Fritsch,ads,30
Lloyd,Botsford,ads,38
Kris,Towne,tech,37
Adolfo,Konopelski,hr,43
Clarisa,Berge,op,48
Zelda,Hagenes,$,41
Anderson,Smith,sales,31
Peter,Mitchell,ads,41
Blondell,Borer,$,36
Crysta,Braun,op,36
Brigette,Schmidt,op,24
Jeraldine,Weber,op,42
Marylynn,Quigley,ads,25
Jermaine,Osinski,ads,43
Emely,Upton,hr,31
Taunya,Smith,tech,50
Toshiko,Hackett,hr,42
Stanford,Carroll,tech,48
Vania,Jones,ads,35
Christi,Wisozk,$,24
Elias,Stroman,$,36
Candy,Koepp,op,32
Estefana,Fahey,hr,30
Shane,Keebler,op,24
Maximo,Yost,ads,37
Lyndsay,Block,hr,48
Marcelino,Wiegand,op,40
Isis,Tremblay,$,42
Frances,Morar,hr,28
Ellsworth,Johnson,hr,23
Esteban,Cormier,sales,28
Reid,West,$,28
Ollie,Armstrong,$,50
Huey,Mertz,$,45
Santiago,Conroy,rnd,28
Clarisa,Abbott,op,31
Buffy,Leffler,tech,39
Jonnie,Hirthe,op,47
Tad,Cormier,op,22
Nestor,Ziemann,op,42
Lawrence,Wisozk,op,42
Ciera,Schroeder,rnd,31
Naoma,Hintz,op,24
Charles,Bayer,sales,32
Darell,Schultz,tech,30
Kerri,Feil,ads,25
Darryl,Skiles,op,47
Maybelle,Schumm,tech,46
Douglass,Stamm,hr,48
Vickey,Walter,rnd,24
Lilly,Dickinson,op,44
Janis,Ullrich,tech,40
Annemarie,Lemke,rnd,31
Ronny,Powlowski,$,26
Dallas,Romaguera,ads,48
Lonnie,MacGyver,tech,49
Jann,Beier,$,34
Caprice,Yost,hr,46
Mariano,Miller,tech,31
Flora,Stracke,$,29
Jamey,Stracke,rnd,41
Nestor,Lakin,sales,27
Earlean,Vandervort,ads,29
Garfield,Schiller,op,25
Rosalyn,Langosh,tech,30
Lavona,Halvorson,$,34
Cinderella,Lesch,rnd,28
Dean,Marquardt,sales,24
Casimira,Fadel,sales,20
Venita,MacGyver,$,30
Man,Predovic,rnd,34
Claudine,Flatley,rnd,26
Luciano,Batz,op,38
Leeanne,Kihn,tech,20
Tara,Murazik,op,26
Boyce,Bosco,$,46
Bruna,Gerhold,sales,43
Alexandria,Donnelly,tech,23
January,Willms,tech,21
Byron,Schumm,sales,39
Ronny,Kiehn,sales,39
Kraig,Daniel,tech,29
Raymundo,Hegmann,$,46
Josef,Dare,ads,39
Melynda,Dare,ads,47
Kermit,Von,rnd,32
Huey,Kub,op,35
Kirk,Paucek,$,36
Hilton,Green,sales,31
Randee,Miller,sales,30
Hiroko,Stokes,op,33
Lavern,Spencer,ads,41
Suzann,Effertz,$,42
Vikki,Doyle,rnd,31
Sharonda,Gleason,ads,50
Donovan,Rutherford,tech,40
Maddie,Wiza,op,25
Jason,Osinski,rnd,37
Anibal,Langworth,rnd,22
Aileen,Schuster,$,50
Lino,Kessler,ads,43
Derrick,Rogahn,$,24
Shaun,D'Amore,sales,43
Francesco,White,op,30
Tess,McCullough,ads,30
Herman,Zulauf,sales,27
Jannie,Gislason,tech,32
Adrianna,Cassin,sales,23
Reatha,Wiza,op,30
Alden,O'Reilly,op,28
Lanie,Kihn,hr,46
Richie,Hahn,tech,50
Jillian,Ullrich,hr,30
Camilla,Kuhic,ads,50
Leandra,Borer,ads,28
Ezra,Lynch,rnd,29
Gayle,Lehner,rnd,26
Reda,Keeling,ads,41
Humberto,Gutkowski,rnd,39
Abdul,MacGyver,tech,39
Gaynell,Klocko,sales,24
Arianne,Denesik,hr,25
Domenic,Glover,tech,22
Josue,Kshlerin,sales,28
Valentin,Fay,tech,39
Gale,Legros,hr,47
Danuta,Stamm,ads,32
Chieko,King,op,45
Agustin,Mohr,hr,46
Retha,Blanda,hr,43
Luetta,Robel,sales,30
Patrick,Hahn,$,23
Carlyn,Nitzsche,sales,27
Maira,Effertz,$,20
Kim,Buckridge,hr,40
Dillon,Jaskolski,$,23
Harold,Bahringer,tech,37
Missy,Langosh,sales,41
Casey,Armstrong,tech,30
Ignacio,Anderson,tech,42
Rolande,Krajcik,ads,21
Hunter,Wisoky,ads,37
Carole,Mosciski,op,38
Will,Tremblay,hr,36
Devon,Cassin,$,44
Harley,Corwin,tech,37
Cristie,Greenfelder,tech,31
Corazon,Fahey,hr,22
Fallon,Feeney,$,44
Naida,Schoen,ads,23
Theodore,Corkery,$,44
Valene,Wolff,rnd,33
Gita,Cormier,tech,42
Katie,Cormier,op,46
Jeremiah,Windler,hr,35
Gayle,Herzog,sales,37
Scott,Treutel,ads,38
Collin,Towne,ads,36
Jerome,Kub,hr,34
Jenette,Shields,rnd,22
Dulce,Hauck,ads,32
Renato,Funk,ads,40
Ilana,Kulas,tech,33
Anika,Beahan,$,42
Warner,Kessler,hr,24
Isis,Graham,ads,31
Mohammed,Conn,ads,39
Nicol,Paucek,op,22
Salina,Cremin,op,48
Laurinda,Grant,tech,28
Deidra,Jacobs,ads,35
Veronica,Roob,sales,45
Kendall,Smitham,sales,43
Gary,Cremin,sales,41
Shayne,Corwin,rnd,30
Jerrod,Kris,rnd,24
Lawrence,Pfeffer,rnd,34
Willis,Blanda,tech,31
Eura,Dach,op,44
Dario,Kessler,sales,44
Laquanda,Volkman,hr,39
Vern,Bashirian,tech,40
Harriette,Rau,tech,32
Adolfo,Padberg,ads,45
Lasandra,Jones,rnd,24
Charline,Nitzsche,hr,48
Graig,Grimes,tech,33
Sumiko,Harvey,hr,38
Augustine,O'Conner,$,29
Dane,Mayer,rnd,50
Kerry,McLaughlin,sales,33
Dorris,Gutmann,$,48
Wynona,Graham,sales,20
Johana,Rice,$,44
Dave,Kautzer,hr,46
Tim,Spinka,ads,23
Odell,Brown,$,30
Galen,Kilback,rnd,28
Gracie,Pacocha,$,22
Van,Maggio,op,41
Gladis,Konopelski,tech,42
Jeffery,Leffler,rnd,20
Samira,Dare,op,22
Carley,Hettinger,op,45
Darren,Johnson,op,35
Elliot,Larkin,sales,38
Kyoko,Sauer,op,20
Leonel,Tillman,rnd,27
Rob,Prohaska,op,31
Lucien,Farrell,sales,43
Isidro,Pagac,op,38
Soledad,Kris,rnd,28
Theo,Hane,$,39
Eloy,Rempel,hr,40
Anglea,Cummerata,hr,46
Lia,Moen,hr,44
Jonas,Armstrong,hr,34
Devora,Cremin,sales,34
Aileen,Howe,ads,40
Rory,Mills,hr,30
Chase,Wisoky,rnd,22
Emery,Maggio,tech,44
Guillermo,Lueilwitz,ads,49
Nelson,Sipes,$,41
Landon,Green,rnd,45
Julienne,Kuvalis,tech,25
Felica,Kautzer,op,43
Stephnie,Thompson,rnd,37
Magaret,Heidenreich,rnd,38
Anastacia,Schimmel,ads,45
Arnulfo,Witting,rnd,20
Modesta,Gutkowski,ads,50
Denna,Strosin,ads,43
Jamie,Christiansen,ads,32
Phil,Barrows,tech,46
Monet,Turner,hr,22
Dena,Wiza,rnd,22
Eduardo,Rath,rnd,39
Ambrose,Hermiston,sales,49
Dalia,Hoeger,op,43
Timothy,Bednar,rnd,40
Ivory,Steuber,tech,30
Yoshiko,Hahn,ads,48
Tyree,Bashirian,ads,23
Justin,Ratke,tech,41
Dwight,Orn,rnd,21
Helen,Walter,tech,45
Roland,White,sales,48
Bunny,Wehner,ads,33
Daron,Spinka,rnd,31
Sam,Casper,rnd,46
Gala,Kuhic,ads,36
Gary,Donnelly,$,20
Edward,Auer,tech,28
Jerrold,Hammes,op,22
Edda,Lang,tech,50
Una,Nienow,ads,49
Wes,McLaughlin,ads,26
Kendrick,Hilll,$,34
Sam,Huels,op,32
Merrilee,Williamson,tech,28
Hester,Larson,hr,32
Katelin,Weber,op,20
Herminia,Schuster,op,37
Layla,Emard,hr,36
Frances,Batz,ads,42
Rogelio,Schumm,hr,22
Carin,Pagac,rnd,29
Shanika,Toy,sales,38
Cassey,Tremblay,op,23
Leslie,Quigley,rnd,27
Janise,Satterfield,hr,44
Cristie,Cronin,rnd,47
Joey,Gulgowski,ads,35
Rossie,Reilly,$,38
Rubi,Bayer,$,32
Joshua,Wuckert,rnd,37
Shon,Collier,sales,34
Monika,Hirthe,hr,30
Minda,Ritchie,op,22
Alan,Herman,op,38
Hector,Pfannerstill,$,42
Crysta,Grady,tech,38
Maricruz,Hintz,hr,25
Michel,Welch,$,21
Robert,Fahey,rnd,42
Gaylord,McClure,sales,46
Seema,Hansen,rnd,31
Burl,Sporer,$,29
Marceline,Schowalter,rnd,32
Ivelisse,Swaniawski,rnd,23
Carter,Nolan,ads,34
Cher,Abbott,sales,36
Jules,Huels,$,38
Tyree,Bechtelar,sales,44
Andree,Ondricka,sales,43
Doug,Conroy,op,28
Erasmo,Beer,op,27
Barbar,Bailey,rnd,34
Micah,Klein,tech,30
Wes,Mertz,ads,38
Ladonna,Klein,ads,48
Dian,Hodkiewicz,ads,21
Cristine,Ruecker,tech,24
Kisha,Cole,tech,24
Gregory,Hintz,sales,32
Breann,Hegmann,tech,24
Sonny,Runolfsdottir,hr,45
Lorette,Schimmel,$,41
Josphine,Stark,hr,22
Terrence,Cronin,sales,30
Gerda,Lang,tech,34
Cordell,Crona,rnd,48
Federico,Kihn,op,30
Josefine,McCullough,sales,24
Shavonda,Deckow,rnd,48
Latonya,Bayer,op,40
Elroy,Wiegand,sales,23
Bethel,Carroll,hr,25
Boyd,Goodwin,hr,30
Pat,Lakin,hr,25
Margie,Ryan,op,35
Shaniqua,Howe,op,49
Domenic,Price,rnd,43
Lorraine,Torp,$,36
Monserrate,Botsford,tech,35
Maurice,Ullrich,$,43
Zenobia,Crooks,op,41
Carrol,Kohler,sales,36
Lamar,Altenwerth,ads,43
Sau,Satterfield,sales,28
Devin,Haley,op,45
Everette,Harber,sales,25
Wilbur,Gerlach,$,45
Hollis,Shanahan,tech,41
Idella,Reynolds,ads,22
Chance,Becker,$,50
Renetta,Feil,sales,24
Gale,Walsh,ads,45
Yesenia,Mosciski,hr,23
Elias,Schuster,$,42
Derrick,Nicolas,sales,47
Sterling,Rutherford,sales,23
Era,Senger,$,40
Chante,Heller,sales,50
Shirleen,Fay,rnd,33
Aura,Bailey,hr,31
Carli,Feest,hr,30
Maximo,Ondricka,hr,40
Jessia,Sporer,hr,45
Gerardo,Schaefer,$,21
Stephnie,Runolfsson,hr,25
Ken,Yost,sales,31
Omer,Yost,hr,24
Sherlyn,Stokes,ads,20
Sammy,Walsh,$,45
Ruben,Heaney,op,38
Toshia,Bartell,rnd,42
Hildegarde,Wolf,rnd,49
Margo,Crooks,$,46
Duncan,Jakubowski,ads,26
Fidel,Keeling,ads,49
Calandra,Kilback,tech,44
Phuong,Koss,sales,44
Trinh,Witting,rnd,33
Morton,Cummerata,op,35
Ettie,Waters,hr,38
Pok,Tromp,op,50
Gregg,Funk,sales,36
Camilla,Murphy,rnd,45
Cayla,Schmitt,sales,25
August,Hilll,hr,36
Un,Cartwright,tech,47
Bryce,Wunsch,ads,37
Lloyd,Roberts,ads,23
Tasha,Osinski,rnd,27
Rodolfo,Reichel,$,50
Elliot,Abshire,hr,49
Deonna,Carter,hr,31
Joey,Haley,ads,50
Pablo,MacGyver,sales,45
Stacey,Bergnaum,$,46
Demetria,Lockman,hr,24
Shakia,Kuhic,rnd,29
Garland,Halvorson,ads,30
Karen,Jacobs,ads,24
Drema,Torp,tech,25
Marty,Mertz,op,39
Adeline,Torphy,ads,26
Israel,Stroman,ads,45
Emmaline,Rosenbaum,$,48
Hortencia,Kuvalis,ads,38
Courtney,Harvey,ads,33
Kristen,Schmitt,tech,42
Vivien,Reilly,$,21
Keri,Langworth,sales,36
Rolando,Friesen,$,24
Denise,Greenfelder,sales,28
Kristen,O'Connell,$,45
Brandon,Towne,tech,33
Edmundo,Stroman,hr,40
Chong,Wisoky,ads,32
Laurence,Maggio,tech,36
Jeraldine,Dach,tech,45
Necole,Farrell,tech,20
Karlyn,Rath,$,50
Irma,Gaylord,hr,34
Rodrigo,Rodriguez,sales,38
Lindsey,Mann,op,41
Joe,Zboncak,$,41
Nisha,O'Keefe,sales,39
Noemi,Lang,op,30
Lavon,Mayert,$,21
Edelmira,Cassin,tech,39
Raul,Sauer,sales,25
Isadora,Schamberger,rnd,43
Oswaldo,Maggio,ads,37
Barbera,Mueller,tech,48
Jeremiah,Mosciski,tech,44
Elizbeth,Stracke,rnd,42
Merrill,Raynor,op,21
Isabella,Daugherty,rnd,41
Tressa,Brown,op,45
Maria,Barton,op,41
Lou,Wunsch,tech,43
Luella,Bosco,tech,38
Hannah,Waters,hr,33
Jeremiah,Collins,op,26
Elsie,Watsica,op,43
Randy,Stark,sales,42
Guy,Murazik,$,20
Anissa,Pagac,rnd,44
Nichelle,Bartoletti,tech,29
Stacey,Jones,hr,50
Alina,Dare,tech,44
Hilda,Wolff,ads,32
Garrett,Funk,tech,37
Bridgett,Towne,hr,36
Armida,Rowe,sales,47
Alexandra,Hagenes,op,34
Charley,Mayert,sales,20
Werner,Turcotte,sales,35
Ashlea,Lindgren,$,20
Tamie,White,$,35
Alda,Wilderman,$,28
Carson,Satterfield,rnd,27
Barrett,Witting,ads,25
Taisha,Altenwerth,ads,30
Cruz,Conroy,hr,25
Hester,Swift,op,38
Delicia,Paucek,rnd,21
Eduardo,Ritchie,sales,31
Pei,Carroll,ads,49
Chi,Kuphal,tech,35
Melaine,Beatty,ads,46
Jerrod,Blanda,op,27
Santos,Langosh,tech,36
Merle,Rogahn,op,40
Alton,Lubowitz,sales,27
Keira,Gleichner,ads,40
Ernie,Marks,ads,44
Eddie,Keebler,tech,43
Richard,Kuhn,sales,37
Efren,Bernier,sales,35
Elenor,Predovic,sales,47
Irving,Ward,$,28
Lashawn,Quitzon,rnd,50
Tien,Gutmann,sales,43
Ashanti,West,hr,20
Vonnie,Robel,$,27
Cory,Stamm,sales,37
Aubrey,Ferry,ads,36
Garth,Kris,op,42
Susanne,Collier,op,21
Barabara,Gottlieb,$,44
King,Raynor,tech,27
Edmond,Gutkowski,ads,25
Katherine,Pollich,hr,42
Sung,Swaniawski,ads,20
Noah,Prohaska,rnd,32
Erin,Hand,op,47
Epifania,Ratke,rnd,28
Bonny,Bosco,$,29
Emmitt,Hansen,ads,30
Albina,Buckridge,ads,32
Johnie,Feest,hr,41
Donte,Franecki,ads,24
Florine,Krajcik,hr,22
Luanne,Konopelski,op,46
Magdalene,Yundt,hr,28
Hortensia,Bartoletti,ads,48
Brent,Daniel,ads,49
Daina,Ernser,op,34
Augustus,Effertz,rnd,23
Kelsey,McClure,tech,25
Pasquale,Goldner,op,48
Elias,Upton,tech,39
Bari,Tromp,rnd,20
Coralie,Bartell,sales,46
Rickey,Von,ads,27
Antione,Bogan,ads,46
Charla,Kessler,rnd,34
Lisabeth,Strosin,$,40
Billie,Pacocha,rnd,27
Carolynn,Volkman,ads,34
Eleonor,Gerlach,$,50
Florentino,Dooley,ads,36
Lesley,Rau,hr,36
Dusty,Block,hr,41
Joan,Bednar,ads,36
Daisy,Buckridge,ads,26
Signe,Conn,rnd,38
Santo,Kling,hr,49
Sherill,Gottlieb,rnd,43
Modesto,Frami,sales,25
Dawne,Quitzon,op,26
Yuk,Stanton,ads,40
Rubin,Parker,ads,22
Erasmo,Turcotte,tech,30
Raina,Okuneva,sales,38
Stacey,Stiedemann,hr,31
Joannie,Kautzer,rnd,36
Benedict,Schneider,ads,43
Elton,Goodwin,op,31
Daron,Gaylord,sales,34
Weston,Dach,ads,50
Caryn,Rippin,hr,25
Shizue,Welch,tech,35
Mafalda,Paucek,sales,48
Johnny,Trantow,ads,43
Lanny,Schowalter,hr,31
Janna,Schulist,sales,24
Leonel,Simonis,$,26
Farah,Tromp,sales,34
Nickolas,Konopelski,hr,43
Theda,Jakubowski,tech,23
Ardell,Schaden,hr,21
Olympia,Miller,tech,39
Perla,Stamm,sales,20
Timmy,Breitenberg,tech,49
Merle,Bogisich,op,37
Delcie,Lowe,op,48
Karen,DuBuque,rnd,50
Forrest,Heller,op,21
Jackson,Aufderhar,rnd,36
Hollis,Mohr,hr,45
Marcel,Lind,ads,31
Allan,Kuphal,hr,42
Brady,Lubowitz,sales,45
Sherri,Mayer,tech,31
Dong,Christiansen,$,33
Conrad,Gislason,ads,28
Claris,Robel,$,44
Sylvester,Bauch,op,29
Isis,Smitham,rnd,33
Carmelo,Bailey,sales,29
Marlon,Conroy,ads,41
Lexie,Robel,$,21
Leeann,Hane,tech,48
Dierdre,McGlynn,tech,20
Joshua,Osinski,$,33
Gwenda,Murray,rnd,45
Del,Schimmel,ads,45
Raphael,Walsh,op,45
Adria,Nicolas,ads,46
Mistie,Fay,op,36
Dirk,Grimes,tech,33
Colette,Glover,hr,31
Virgil,Dare,tech,47
Coleman,Schamberger,ads,33
Oswaldo,Ernser,$,40
Marcelino,Armstrong,rnd,23
Clyde,Stokes,rnd,21
Patrina,Lebsack,tech,35
Janella,Renner,hr,25
Merilyn,Stiedemann,tech,39
Drew,Crona,hr,24
Ronald,Ullrich,rnd,32
Delmer,Parisian,hr,21
Essie,McClure,op,35
Leena,Boyer,sales,42
Shirley,Mueller,hr,23
Hilma,Wolff,op,45
Dorine,Hintz,op,38
Shanice,Jacobi,ads,43
Noble,Lesch,sales,32
King,Bartoletti,tech,29
Marion,Rempel,hr,46
Roxann,Farrell,$,44
Yahaira,Weber,hr,20
Gerard,Smith,hr,42
Alex,Brakus,$,34
Rhiannon,Turcotte,$,38
Matt,Gerhold,sales,25
Harley,Blick,rnd,33
Pamala,Maggio,op,46
Merrilee,Kuhn,hr,42
Dwayne,Cummings,$,39
Manie,Morissette,tech,46
Domenic,Marquardt,tech,20
Renate,Pollich,$,48
Bettie,Lowe,rnd,49
Eldon,Rowe,rnd,23
Marcie,Wuckert,rnd,39
Johnie,Weimann,hr,45
Virgilio,Doyle,rnd,50
Marilou,Schuppe,rnd,38
Gabrielle,Hudson,op,29
Arnulfo,Harber,ads,29
Sol,Parker,op,44
Jonah,Hartmann,ads,41
Jefferey,O'Kon,op,50
Renaldo,Howell,op,29
Raeann,Hackett,$,23
David,King,op,39
Jose,Swift,op,20
Verona,Fadel,rnd,42
Niki,Jakubowski,hr,31
Maple,Friesen,$,43
Merry,Toy,ads,25
Arnold,Conn,hr,35
Tracy,Bernhard,sales,39
Trent,Steuber,ads,36
Frederic,Okuneva,rnd,44
Dean,Volkman,rnd,44
Aubrey,Rogahn,ads,31
Cornelius,King,ads,37
Truman,Harris,sales,33
Boyd,Howe,rnd,31
Jolene,Prohaska,ads,32
Carl,Parisian,tech,21
Brent,Altenwerth,op,21
Hipolito,Cassin,$,36
Shaun,Bode,sales,32
Abdul,Hettinger,sales,31
Chantel,Goyette,tech,34
Arden,Stamm,hr,45
Benjamin,Skiles,ads,43
Cari,Daniel,hr,45
Wilford,Cremin,op,48
Sofia,Bednar,$,28
Frances,Kunde,hr,47
Janae,Hirthe,ads,32
Norris,Upton,rnd,39
Patrina,Abernathy,sales,23
Sherley,Mante,hr,23
Nola,Oberbrunner,hr,45
Lupe,Ritchie,sales,47
Gala,Ebert,op,26
Joe,Zemlak,$,48
Dalton,Kihn,$,40
Louie,Lehner,$,23
Annice,Boyle,hr,22
Jeromy,Bogisich,op,36
Dianna,Lowe,hr,45
Russel,Goyette,rnd,37
Ayana,Bartell,hr,38
Maynard,Ritchie,$,31
